{
	"defaults": {
		"__comment": "You can disable defaults by setting these to false. Do *NOT* try to add additional entries here. You can add additional entries in the custom section.",
		"excompressum:compressed_cobblestone": true,
		"excompressum:compressed_gravel": false,
		"excompressum:compressed_sand": true,
		"excompressum:compressed_netherrack": true,
		"excompressum:compressed_end_stone": true,
		"ExtraUtils2:CompressedCobblestone": true,
		"ExtraUtils2:CompressedGravel": false,
		"ExtraUtils2:CompressedSand": true,
		"ExtraUtils2:CompressedNetherrack": true
	},
  "custom": {
    "__comment": "You can define additional blocks to be hammered by Compressed Hammers here. Use * as a wildcard for metadata. Use prefix ore: in name to query the Ore Dictionary.",
    "entries": [
      {
        "name": "excompressum:compressed_block",
        "metadata": "2",
        "rewards": [
          {
            "name": "minecraft:dirt",
            "count": 9,
            "metadata": "0",
            "chance": 1.0,
            "luck": 0.0
          }
        ]
      },
      {
        "name": "excompressum:compressed_block",
        "metadata": "4",
        "rewards": [
          {
            "name": "minecraft:sand",
            "count": 9,
            "metadata": "0",
            "chance": 1.0,
            "luck": 0.0
          }
        ]
      },
      {
        "name": "extrautils2:compressedgravel",
        "metadata": "0",
        "rewards": [
          {
            "name": "minecraft:dirt",
            "count": 9,
            "metadata": "0",
            "chance": 1.0,
            "luck": 0.0
          }
        ]
      },
      {
        "name": "extrautils2:compresseddirt",
        "metadata": "0",
        "rewards": [
          {
            "name": "minecraft:sand",
            "count": 9,
            "metadata": "0",
            "chance": 1.0,
            "luck": 0.0
          }
        ]
      }
    ]
  }
}
