{
  "groups": [
    {
      "name": "Rewards",
      "weight": 2,
      "rewards": [
        {
          "weight": 1,
          "items": [
            {
              "id": "tconstruct:punji",
              "Count": 5,
              "OreDict": "",
              "Damage": 0
            }
          ]
        },
        {
          "weight": 1,
          "items": [
            {
              "id": "botania:cosmetic",
              "Count": 1,
              "OreDict": "",
              "Damage": 4,
              "tag": {}
            },
            {
              "id": "botania:cosmetic",
              "Count": 1,
              "OreDict": "",
              "Damage": 7
            },
            {
              "id": "botania:cosmetic",
              "Count": 1,
              "OreDict": "",
              "Damage": 0
            }
          ]
        },
        {
          "weight": 1,
          "items": [
            {
              "id": "randomthings:fluiddisplay",
              "Count": 8,
              "OreDict": "",
              "Damage": 0
            }
          ]
        },
        {
          "weight": 1,
          "items": [
            {
              "id": "chancecubes:chance_cube",
              "Count": 7,
              "OreDict": "",
              "Damage": 0
            }
          ]
        },
        {
          "weight": 1,
          "items": [
            {
              "id": "minecraft:stone",
              "Count": 16,
              "OreDict": "",
              "Damage": 0
            },
            {
              "id": "minecraft:log",
              "Count": 8,
              "OreDict": "",
              "Damage": 0
            }
          ]
        },
        {
          "weight": 1,
          "items": [
            {
              "id": "bigreactors:brore",
              "Count": 12,
              "OreDict": "",
              "Damage": 0
            }
          ]
        }
      ]
    },
    {
      "name": "Good Rewards",
      "weight": 2,
      "rewards": [
        {
          "weight": 1,
          "items": [
            {
              "id": "botania:blacklotus",
              "Count": 16,
              "OreDict": "",
              "Damage": 0
            }
          ]
        },
        {
          "weight": 1,
          "items": [
            {
              "id": "thermalfoundation:tool.hammer_invar",
              "Count": 1,
              "OreDict": "",
              "Damage": 0
            }
          ]
        },
        {
          "weight": 1,
          "items": [
            {
              "id": "thermaldynamics:duct_64",
              "Count": 16,
              "OreDict": "",
              "Damage": 0
            },
            {
              "id": "thermaldynamics:duct_64",
              "Count": 8,
              "OreDict": "",
              "Damage": 1
            },
            {
              "id": "thermaldynamics:duct_64",
              "Count": 2,
              "OreDict": "",
              "Damage": 2
            }
          ]
        },
        {
          "weight": 1,
          "items": [
            {
              "id": "harvestcraft:epicbaconitem",
              "Count": 12,
              "OreDict": "",
              "Damage": 0
            }
          ]
        },
        {
          "weight": 1,
          "items": [
            {
              "id": "extrautils2:ingredients",
              "Count": 2,
              "OreDict": "",
              "Damage": 6
            }
          ]
        }
      ]
    },
    {
      "name": "Greater Rewards",
      "weight": 2,
      "rewards": [
        {
          "weight": 1,
          "items": [
            {
              "id": "mekanism:ingot",
              "Count": 16,
              "OreDict": "",
              "Damage": 3
            }
          ]
        },
        {
          "weight": 1,
          "items": [
            {
              "id": "randomthings:naturecore",
              "Count": 9,
              "OreDict": "",
              "Damage": 0
            }
          ]
        },
        {
          "weight": 1,
          "items": [
            {
              "id": "chancecubes:compact_giant_chance_cube",
              "Count": 7,
              "OreDict": "",
              "Damage": 0
            }
          ]
        },
        {
          "weight": 1,
          "items": [
            {
              "id": "mysticalagriculture:mystical_fertilizer",
              "Count": 32,
              "OreDict": "",
              "Damage": 0
            }
          ]
        },
        {
          "weight": 1,
          "items": [
            {
              "id": "botania:brewflask",
              "Count": 1,
              "OreDict": "",
              "Damage": 0,
              "tag": {
                "brewKey:8": "haste"
              }
            }
          ]
        },
        {
          "weight": 1,
          "items": [
            {
              "id": "botania:brewflask",
              "Count": 1,
              "OreDict": "",
              "Damage": 0,
              "tag": {
                "brewKey:8": "speed"
              }
            }
          ]
        },
        {
          "weight": 1,
          "items": [
            {
              "id": "thermalfoundation:tool.shield_diamond",
              "Count": 1,
              "OreDict": "",
              "Damage": 0
            }
          ]
        },
        {
          "weight": 1,
          "items": [
            {
              "id": "appliedenergistics2:fluix_block",
              "Count": 8,
              "OreDict": "",
              "Damage": 0
            },
            {
              "id": "appliedenergistics2:quartz_block",
              "Count": 8,
              "OreDict": "",
              "Damage": 0
            }
          ]
        },
        {
          "weight": 1,
          "items": [
            {
              "id": "draconicevolution:infused_obsidian",
              "Count": 8,
              "OreDict": "",
              "Damage": 0
            }
          ]
        },
        {
          "weight": 1,
          "items": [
            {
              "id": "thermalfoundation:upgrade",
              "Count": 3,
              "OreDict": "",
              "Damage": 3
            }
          ]
        },
        {
          "weight": 1,
          "items": [
            {
              "id": "solarflux:mirror",
              "Count": 9,
              "OreDict": "",
              "Damage": 0
            },
            {
              "id": "solarflux:photovoltaic_cell_1",
              "Count": 9,
              "OreDict": "",
              "Damage": 0
            },
            {
              "id": "solarflux:photovoltaic_cell_2",
              "Count": 9,
              "OreDict": "",
              "Damage": 0
            },
            {
              "id": "solarflux:photovoltaic_cell_3",
              "Count": 9,
              "OreDict": "",
              "Damage": 0
            },
            {
              "id": "solarflux:photovoltaic_cell_4",
              "Count": 9,
              "OreDict": "",
              "Damage": 0
            }
          ]
        },
        {
          "weight": 1,
          "items": [
            {
              "id": "ic2:upgrade",
              "Count": 4,
              "OreDict": "",
              "Damage": 0
            },
            {
              "id": "ic2:upgrade",
              "Count": 4,
              "OreDict": "",
              "Damage": 1
            }
          ]
        },
        {
          "weight": 1,
          "items": [
            {
              "id": "extrautils2:ingredients",
              "Count": 8,
              "OreDict": "",
              "Damage": 15
            }
          ]
        },
        {
          "weight": 1,
          "items": [
            {
              "id": "mekanism:speedupgrade",
              "Count": 4,
              "OreDict": "",
              "Damage": 0
            },
            {
              "id": "mekanism:energyupgrade",
              "Count": 4,
              "OreDict": "",
              "Damage": 0
            }
          ]
        }
      ]
    },
    {
      "name": "Rare Rewards",
      "weight": 2,
      "rewards": [
        {
          "weight": 1,
          "items": [
            {
              "id": "morefurnaces:furnaceblock",
              "Count": 1,
              "OreDict": "",
              "Damage": 2
            }
          ]
        },
        {
          "weight": 1,
          "items": [
            {
              "id": "botania:manaresource",
              "Count": 16,
              "OreDict": "",
              "Damage": 0
            }
          ]
        },
        {
          "weight": 1,
          "items": [
            {
              "id": "tp:growth_block",
              "Count": 1,
              "OreDict": "",
              "Damage": 0
            }
          ]
        },
        {
          "weight": 1,
          "items": [
            {
              "id": "botania:lens",
              "Count": 1,
              "OreDict": "",
              "Damage": 4,
              "tag": {}
            },
            {
              "id": "botania:lens",
              "Count": 1,
              "OreDict": "",
              "Damage": 1,
              "tag": {}
            }
          ]
        },
        {
          "weight": 1,
          "items": [
            {
              "id": "botania:brewflask",
              "Count": 1,
              "OreDict": "",
              "Damage": 0,
              "tag": {
                "brewKey:8": "fireResistance"
              }
            }
          ]
        },
        {
          "weight": 1,
          "items": [
            {
              "id": "mekanism:otherdust",
              "Count": 1,
              "OreDict": "",
              "Damage": 4
            }
          ]
        },
        {
          "weight": 1,
          "items": [
            {
              "id": "draconicevolution:draconic_core",
              "Count": 8,
              "OreDict": "",
              "Damage": 0
            }
          ]
        },
        {
          "weight": 1,
          "items": [
            {
              "id": "thermaldynamics:duct_0",
              "Count": 8,
              "OreDict": "",
              "Damage": 5
            }
          ]
        },
        {
          "weight": 1,
          "items": [
            {
              "id": "appliedenergistics2:material",
              "Count": 4,
              "OreDict": "",
              "Damage": 38
            }
          ]
        },
        {
          "weight": 1,
          "items": [
            {
              "id": "refinedstorage:storage_disk",
              "Count": 4,
              "OreDict": "",
              "Damage": 3,
              "tag": {
                "Items:9": {},
                "Stored:3": 0,
                "Protocol:3": 1
              }
            }
          ]
        },
        {
          "weight": 1,
          "items": [
            {
              "id": "extrautils2:ingredients",
              "Count": 16,
              "OreDict": "",
              "Damage": 16
            }
          ]
        }
      ]
    },
    {
      "name": "Ultra-Rare Rewards",
      "weight": 1,
      "rewards": [
        {
          "weight": 1,
          "items": [
            {
              "id": "storagedrawers:upgrade_storage",
              "Count": 3,
              "OreDict": "",
              "Damage": 3
            }
          ]
        },
        {
          "weight": 1,
          "items": [
            {
              "id": "botania:blacklotus",
              "Count": 8,
              "OreDict": "",
              "Damage": 1
            }
          ]
        },
        {
          "weight": 1,
          "items": [
            {
              "id": "mysticalagriculture:charm",
              "Count": 1,
              "OreDict": "",
              "Damage": 15
            }
          ]
        },
        {
          "weight": 1,
          "items": [
            {
              "id": "mysticalagriculture:charm",
              "Count": 1,
              "OreDict": "",
              "Damage": 1
            }
          ]
        },
        {
          "weight": 1,
          "items": [
            {
              "id": "mysticalagriculture:charm",
              "Count": 1,
              "OreDict": "",
              "Damage": 3
            }
          ]
        },
        {
          "weight": 1,
          "items": [
            {
              "id": "chancecubes:chance_pendant_tier3",
              "Count": 1,
              "OreDict": "",
              "Damage": 0
            }
          ]
        },
        {
          "weight": 1,
          "items": [
            {
              "id": "botania:exchangerod",
              "Count": 1,
              "OreDict": "",
              "Damage": 0,
              "tag": {}
            }
          ]
        },
        {
          "weight": 1,
          "items": [
            {
              "id": "tp:growth_upgrade",
              "Count": 1,
              "OreDict": "",
              "Damage": 0
            }
          ]
        },
        {
          "weight": 1,
          "items": [
            {
              "id": "draconicevolution:wyvern_core",
              "Count": 4,
              "OreDict": "",
              "Damage": 0
            }
          ]
        },
        {
          "weight": 1,
          "items": [
            {
              "id": "projecte:item.pe_alchemical_bag",
              "Count": 1,
              "OreDict": "",
              "Damage": 15
            },
            {
              "id": "projecte:item.pe_alchemical_bag",
              "Count": 1,
              "OreDict": "",
              "Damage": 1
            },
            {
              "id": "projecte:item.pe_alchemical_bag",
              "Count": 1,
              "OreDict": "",
              "Damage": 5
            }
          ]
        }
      ]
    },
    {
      "name": "Legendary Rewards",
      "weight": 1,
      "rewards": [
        {
          "weight": 1,
          "items": [
            {
              "id": "tp:netherstar_block",
              "Count": 1,
              "OreDict": "",
              "Damage": 0
            }
          ]
        },
        {
          "weight": 1,
          "items": [
            {
              "id": "tconstruct:materials",
              "Count": 1,
              "OreDict": "",
              "Damage": 50
            }
          ]
        },
        {
          "weight": 1,
          "items": [
            {
              "id": "draconicevolution:draconic_block",
              "Count": 1,
              "OreDict": "",
              "Damage": 0
            }
          ]
        },
        {
          "weight": 1,
          "items": [
            {
              "id": "chancecubes:silk_touch_pendant",
              "Count": 1,
              "OreDict": "",
              "Damage": 0
            }
          ]
        },
        {
          "weight": 1,
          "items": [
            {
              "id": "projecte:item.pe_repair_talisman",
              "Count": 1,
              "OreDict": "",
              "Damage": 0,
              "tag": {}
            }
          ]
        },
        {
          "weight": 1,
          "items": [
            {
              "id": "thermalexpansion:florb",
              "Count": 8,
              "OreDict": "",
              "Damage": 0,
              "tag": {
                "Fluid:8": "cryotheum"
              }
            }
          ]
        },
        {
          "weight": 1,
          "items": [
            {
              "id": "thermalfoundation:upgrade",
              "Count": 2,
              "OreDict": "",
              "Damage": 35
            }
          ]
        },
        {
          "weight": 1,
          "items": [
            {
              "id": "tp:growth_upgrade_two",
              "Count": 1,
              "OreDict": "",
              "Damage": 0
            }
          ]
        },
        {
          "weight": 1,
          "items": [
            {
              "id": "avaritia:skullfire_sword",
              "Count": 1,
              "OreDict": "",
              "Damage": 0,
              "tag": {
                "ench:9": {
                  "10": {
                    "lvl:2": 25,
                    "id:2": 21
                  }
                },
                "Unbreakable:3": 1,
                "HideFlags:3": 0,
                "AttributeModifiers:9": {
                  "10": {
                    "UUIDMost:4": 8962846864864987917,
                    "UUIDLeast:4": -7324077734101406172,
                    "Amount:6": 999.0,
                    "Slot:8": "mainhand",
                    "AttributeName:8": "generic.attackDamage",
                    "Operation:3": 0,
                    "Name:8": "generic.attackDamage"
                  }
                }
              }
            }
          ]
        },
        {
          "weight": 1,
          "items": [
            {
              "id": "mysticalagriculture:ultimate_furnace",
              "Count": 1,
              "OreDict": "",
              "Damage": 0
            }
          ]
        },
        {
          "weight": 1,
          "items": [
            {
              "id": "mysticalagradditions:special",
              "Count": 1,
              "OreDict": "",
              "Damage": 0
            }
          ]
        },
        {
          "weight": 1,
          "items": [
            {
              "id": "mysticalagradditions:special",
              "Count": 1,
              "OreDict": "",
              "Damage": 1
            }
          ]
        },
        {
          "weight": 1,
          "items": [
            {
              "id": "mysticalagradditions:special",
              "Count": 1,
              "OreDict": "",
              "Damage": 4
            }
          ]
        }
      ]
    }
  ]
}
