{
    "images":{
        "modpack":{
            "image":"mainmenu:bg_menu.png",
            "posX":-87.5,
            "posY": -600,
            "width":175,
            "height":2000,
            "alignment":"center"
        },
        "logo":{
            "image":"mainmenu:logo.png",
            "posX":-235.66,
            "posY":-120,
            "width":471.3,
            "height":63.3,
            "imageWidth":707,
            "imageHeight":95,
            "alignment":"center"
        }
    },
    "buttons":{
        "singleplayer":{
            "text":"menu.singleplayer",
            "texture":"mainmenu:longbutton.png",
            "posX":-80,
            "posY":-8,
            "width":160,
            "height":20,
            "imageWidth":200,
            "imageHeight":20,
            "alignment":"center",
            "action":{
                "type":"openGui",
                "gui":"singleplayer"
            }
        },
        "multiplayer":{
            "text":"menu.multiplayer",
            "texture":"mainmenu:longbutton.png",
            "posX":-80,
            "posY":14,
            "width":160,
            "height":20,
            "imageWidth":200,
            "imageHeight":20,
            "alignment":"center",
            "action":{
                "type":"openGui",
                "gui":"multiplayer"
            }
        },
        "mods":{
            "text":"fml.menu.mods",
            "texture":"mainmenu:longbutton.png",
            "posX":-80,
            "posY":36,
            "width":160,
            "height":20,
            "imageWidth":200,
            "imageHeight":20,
            "alignment":"center",
            "action":{
                "type":"openGui",
                "gui":"mods"
            }
        },
        "options":{
            "text":"menu.options",
            "texture":"mainmenu:longbutton.png",
            "posX":-80,
            "posY":58,
            "width":160,
            "height":20,
            "imageWidth":200,
            "imageHeight":20,
            "alignment":"center",
            "action":{
                "type":"openGui",
                "gui":"options"
            }
        },
        "quit":{
            "text":"menu.quit",
            "texture":"mainmenu:longbutton.png",
            "posX":-80,
            "posY":102,
            "width":160,
            "height":20,
            "imageWidth":200,
            "imageHeight":20,
            "alignment":"center",
            "action":{
                "type":"quit"
            }
        }
    },
    "labels":{
        "modsloaded":{
            "text":"#modsloaded# Mods Loaded",
            "posX":3,
            "posY":-13,
            "color":-1,
            "hoverColor":-1,
            "fontSize":0.6,
            "alignment":"bottom_left"
        }
    },
    "other":{
        "background":{
            "image":"mainmenu:bg.png",
            "mode":"fill"
        }
    }
}
