{"timeOfDayOverlay":{"New World1231123":false,"New World":false,"New World---":false,"New World----":false,"New World-------":false,"New World123-":false,"New World--------":false,"New World---------":false,"New World-":false,"195.201.245.60:25573":false,"New World2":false,"127.0.0.1":false,"New World--":false,"stoneblock.nfinit.games":false,"first":false,"2":false,"3":false,"New World-----":false,"4":false,"5":false,"6":false,"New World789":false,"New World123":false,"New World1234":false,"New World123123":false,"New World123123123":false,"New Worldqew":false},"stepup":false,"fovChanges":true}
