{
  "type": "randomthings:spectre",
  "version": 2,
  "ref": {
    "a": {
      "name": "randomthings:spectreleaf",
      "meta": 0
    },
    "b": {
      "name": "randomthings:spectrelog",
      "meta": 1
    },
    "c": {
      "name": "randomthings:spectreleaf",
      "meta": 8
    }
  },
  "shape": [
    [
      "     ",
      "     ",
      " aaa ",
      "aaaaa",
      "     ",
      "     "
    ],
    [
      "  c  ",
      "  ac ",
      "aaaca",
      "aaaca",
      "     ",
      "     "
    ],
    [
      " aaa ",
      " aba ",
      "aabaa",
      "aabaa",
      "  b  ",
      "  b  "
    ],
    [
      "  a  ",
      "  aa ",
      "aaaaa",
      "aaaaa",
      "     ",
      "     "
    ],
    [
      "     ",
      "     ",
      " aaa ",
      "aaaaa",
      "     ",
      "     "
    ]
  ]
}
